–¼Ì,—X•Ö”Ô†,ZŠ,ˆÜ“x,Œo“x,URL
s‰c’n‰º“S@–Ã•l‰wi‚i‚q–Ã•l‰wj,819-0002,•Ÿ‰ªs¼‹æ–Ã‚Ì•l4’š–Ú8”Ô1†,33.583772,130.325038,http://subway.city.fukuoka.lg.jp/index.html
s‰c’n‰º“S@‹´–{‰w,819-0031,•Ÿ‰ªs¼‹æ‹´–{2’š–Ú,33.555156,130.321122,http://subway.city.fukuoka.lg.jp/index.html
s‰c’n‰º“S@•Ÿ‰ª‹ó`‰w,812-0003,•Ÿ‰ªs”‘½‹æ‘åš‰º‰Pˆä,33.597052,130.448549,http://subway.city.fukuoka.lg.jp/index.html
s‰c’n‰º“S@“Œ”äŒb‰w,812-0007,•Ÿ‰ªs”‘½‹æ“Œ”äŒb2’š–Ú,33.589956,130.431265,http://subway.city.fukuoka.lg.jp/index.html
s‰c’n‰º“S@”‘½‰w,812-0012,•Ÿ‰ªs”‘½‹æ”‘½‰w’†‰›ŠX,33.59013,130.420616,http://subway.city.fukuoka.lg.jp/index.html
s‰c’n‰º“S@‹_‰€‰w,812-0038,•Ÿ‰ªs”‘½‹æ‹_‰€’¬,33.594156,130.414656,http://subway.city.fukuoka.lg.jp/index.html
s‰c’n‰º“S@’†Fì’[‰w,812-0026,•Ÿ‰ªs”‘½‹æãì’[’¬,33.59438,130.405988,http://subway.city.fukuoka.lg.jp/index.html
s‰c’n‰º“S@“V_‰w,810-0001,•Ÿ‰ªs’†‰›‹æ“V_2’š–Ú,33.591493,130.399379,http://subway.city.fukuoka.lg.jp/index.html
s‰c’n‰º“S@Ôâ‰w,810-0042,•Ÿ‰ªs’†‰›‹æÔâ1’š–Ú,33.589134,130.390946,http://subway.city.fukuoka.lg.jp/index.html
s‰c’n‰º“S@‘åŠŒö‰€‰w,810-0074,•Ÿ‰ªs’†‰›‹æ‘åè–å‚P’š–Ú,33.590081,130.378844,http://subway.city.fukuoka.lg.jp/index.html
s‰c’n‰º“S@“‚l’¬‰w,810-0055,•Ÿ‰ªs’†‰›‹æ“‚l’¬‚P’š–Ú,33.590278,130.370443,http://subway.city.fukuoka.lg.jp/index.html
s‰c’n‰º“S@¼V‰w,814-0002,•Ÿ‰ªs‘—Ç‹æ¼V3’š–Ú,33.583726,130.359714,http://subway.city.fukuoka.lg.jp/index.html
s‰c’n‰º“S@“¡è‰w,814-0006,•Ÿ‰ªs‘—Ç‹æ•S“¹2’š–Ú,33.581376,130.348202,http://subway.city.fukuoka.lg.jp/index.html
s‰c’n‰º“S@ºŒ©‰w,814-0015,•Ÿ‰ªs‘—Ç‹æºŒ©1’š–Ú,33.580947,130.340145,http://subway.city.fukuoka.lg.jp/index.html
s‰c’n‰º“S@ŠL’Ë‰wi¼“SŠL’Ë‰wj,812-0053,•Ÿ‰ªs“Œ‹æ” è7’š–Ú‚P”Ô‚P†,33.632683,130.425578,http://subway.city.fukuoka.lg.jp/index.html
s‰c’n‰º“S@” è‹ã‘å‘O‰w,812-0053,•Ÿ‰ªs“Œ‹æ” è3’š–Ú,33.622178,130.421019,http://subway.city.fukuoka.lg.jp/index.html
s‰c’n‰º“S@” è‹{‘O‰w,812-0054,•Ÿ‰ªs“Œ‹æ”no4’š–Ú,33.61579,130.419677,http://subway.city.fukuoka.lg.jp/index.html
s‰c’n‰º“S@”no‹ã‘å•a‰@‘O‰w,812-0054,•Ÿ‰ªs“Œ‹æ”no2’š–Ú,33.609357,130.419388,http://subway.city.fukuoka.lg.jp/index.html
s‰c’n‰º“S@ç‘ãŒ§’¡Œû‰w,812-0044,•Ÿ‰ªs”‘½‹æç‘ã4’š–Ú,33.602548,130.414324,http://subway.city.fukuoka.lg.jp/index.html
s‰c’n‰º“S@Œà•’¬‰w,812-0024,•Ÿ‰ªs”‘½‹æjê’¬,33.598294,130.409882,http://subway.city.fukuoka.lg.jp/index.html
s‰c’n‰º“S@“V_“ì‰w,810-0001,•Ÿ‰ªs’†‰›‹æ“n•Ó’Ê5’š–Ú,33.58824,130.401717,http://subway.city.fukuoka.lg.jp/index.html
s‰c’n‰º“S@“n•Ó’Ê‰w,810-0004,•Ÿ‰ªs’†‰›‹æ“n•Ó’Ê5’š–Ú,33.583968,130.404947,http://subway.city.fukuoka.lg.jp/index.html
s‰c’n‰º“S@–ò‰@‰w,810-0012,•Ÿ‰ªs’†‰›‹æ”’‹à1’š–Ú,33.581805,130.401825,http://subway.city.fukuoka.lg.jp/index.html
s‰c’n‰º“S@–ò‰@‘å’Ê‰w,810-0022,•Ÿ‰ªs’†‰›‹æ–ò‰@4’š–Ú,33.580392,130.396203,http://subway.city.fukuoka.lg.jp/index.html
s‰c’n‰º“S@÷â‰w,810-0024,•Ÿ‰ªs’†‰›‹æ÷â3’š–Ú,33.577326,130.386858,http://subway.city.fukuoka.lg.jp/index.html
s‰c’n‰º“S@˜Z–{¼‰w,810-0044,•Ÿ‰ªs’†‰›‹æ˜Z–{¼4’š–Ú,33.577693,130.377331,http://subway.city.fukuoka.lg.jp/index.html
s‰c’n‰º“S@•Ê•{‰w,814-0104,•Ÿ‰ªsé“ì‹æ•Ê•{2’š–Ú,33.574207,130.369638,http://subway.city.fukuoka.lg.jp/index.html
s‰c’n‰º“S@’ƒR‰w,814-0111,•Ÿ‰ªsé“ì‹æ’ƒR1’š–Ú,33.566099,130.3654,http://subway.city.fukuoka.lg.jp/index.html
s‰c’n‰º“S@‹àR‰w,814-0114,•Ÿ‰ªsé“ì‹æ‹àR’c’n,33.559331,130.361538,http://subway.city.fukuoka.lg.jp/index.html
s‰c’n‰º“S@µŒG‰w,814-0133,•Ÿ‰ªsé“ì‹æµŒG4’š–Ú,33.553207,130.361667,http://subway.city.fukuoka.lg.jp/index.html
s‰c’n‰º“S@•Ÿ‘å‘O‰w,814-0133,•Ÿ‰ªsé“ì‹æµŒG8’š–Ú,33.547511,130.362225,http://subway.city.fukuoka.lg.jp/index.html
s‰c’n‰º“S@”~—Ñ‰w,814-0144,•Ÿ‰ªsé“ì‹æ”~—Ñ4’š–Ú,33.545839,130.354993,http://subway.city.fukuoka.lg.jp/index.html
s‰c’n‰º“S@–ìŠH‰w,814-0171,•Ÿ‰ªs‘—Ç‹æ–ìŠH2’š–Ú,33.548334,130.346571,http://subway.city.fukuoka.lg.jp/index.html
s‰c’n‰º“S@Ÿ˜YŠÛ‰w,814-0165,•Ÿ‰ªs‘—Ç‹æŸ˜YŠÛ1’š–Ú,33.552724,130.329534,http://subway.city.fukuoka.lg.jp/index.html
s‰c’n‰º“S@‰ê–Î‰w,814-0164,•Ÿ‰ªs‘—Ç‹æ‰ê–Î3’š–Ú,33.550533,130.337913,http://subway.city.fukuoka.lg.jp/index.html
